{
  "main": {
    "id": "e68a379dc27330ec",
    "type": "split",
    "children": [
      {
        "id": "9385e6015d627d6e",
        "type": "tabs",
        "children": [
          {
            "id": "06b473511718e7c8",
            "type": "leaf",
            "state": {
              "type": "markdown",
              "state": {
                "file": "Linux/zip.md",
                "mode": "source",
                "source": false
              },
              "icon": "lucide-file",
              "title": "zip"
            }
          }
        ]
      }
    ],
    "direction": "vertical"
  },
  "left": {
    "id": "cd81303d344c5e52",
    "type": "split",
    "children": [
      {
        "id": "813e3f410dbfab10",
        "type": "tabs",
        "children": [
          {
            "id": "e7ae22b2bfab0dba",
            "type": "leaf",
            "state": {
              "type": "file-explorer",
              "state": {
                "sortOrder": "alphabetical",
                "autoReveal": false
              },
              "icon": "lucide-folder-closed",
              "title": "Файловый менеджер"
            }
          },
          {
            "id": "036cfd82077a8e19",
            "type": "leaf",
            "state": {
              "type": "search",
              "state": {
                "query": "zip",
                "matchingCase": false,
                "explainSearch": false,
                "collapseAll": false,
                "extraContext": false,
                "sortOrder": "alphabetical"
              },
              "icon": "lucide-search",
              "title": "Поиск"
            }
          },
          {
            "id": "7b7dec66f34ead72",
            "type": "leaf",
            "state": {
              "type": "bookmarks",
              "state": {},
              "icon": "lucide-bookmark",
              "title": "Bookmarks"
            }
          }
        ],
        "currentTab": 1
      }
    ],
    "direction": "horizontal",
    "width": 377.5086555480957
  },
  "right": {
    "id": "2a19faa9064fbc87",
    "type": "split",
    "children": [
      {
        "id": "b4e5d7dbecd5ccf8",
        "type": "tabs",
        "children": [
          {
            "id": "b58db0a4cf3112dd",
            "type": "leaf",
            "state": {
              "type": "backlink",
              "state": {
                "collapseAll": false,
                "extraContext": false,
                "sortOrder": "alphabetical",
                "showSearch": false,
                "searchQuery": "",
                "backlinkCollapsed": false,
                "unlinkedCollapsed": true
              },
              "icon": "links-coming-in",
              "title": "Backlinks"
            }
          },
          {
            "id": "b0d7e9039705ec5a",
            "type": "leaf",
            "state": {
              "type": "outgoing-link",
              "state": {
                "linksCollapsed": false,
                "unlinkedCollapsed": true
              },
              "icon": "links-going-out",
              "title": "Outgoing links"
            }
          },
          {
            "id": "9af0af895898eaa9",
            "type": "leaf",
            "state": {
              "type": "tag",
              "state": {
                "sortOrder": "frequency",
                "useHierarchy": true,
                "showSearch": false,
                "searchQuery": ""
              },
              "icon": "lucide-tags",
              "title": "Tags"
            }
          },
          {
            "id": "912ecc1cf927f7a3",
            "type": "leaf",
            "state": {
              "type": "outline",
              "state": {
                "file": "Welcome.md",
                "followCursor": false,
                "showSearch": false,
                "searchQuery": ""
              },
              "icon": "lucide-list",
              "title": "Outline of Welcome"
            }
          }
        ]
      }
    ],
    "direction": "horizontal",
    "width": 300,
    "collapsed": true
  },
  "left-ribbon": {
    "hiddenItems": {
      "switcher:Меню быстрого перехода": false,
      "graph:Граф": false,
      "canvas:Создать новый холст": false,
      "daily-notes:Сегодняшняя заметка": false,
      "templates:Вставить шаблон": false,
      "command-palette:Открыть палитру команд": false,
      "bases:Создать новую базу": false,
      "remotely-save:Remotely Save": false
    }
  },
  "active": "06b473511718e7c8",
  "lastOpenFiles": [
    "Linux/Сжатие и архивация.md",
    "social/Установка celestia.md",
    "MEMOEZ.md",
    "Языки программирования/Curses - оконные объекты.md",
    "Языки программирования/Curses - ввод текста.md",
    "Языки программирования/Curses.md",
    "математика/Операции над множествами.md",
    "математика/Экстремумы функций.md",
    "Языки программирования/Статическая и динамическая типизация.md",
    "Linux/Чтение и редактирование.md",
    "Linux/терминал.md",
    "Linux/Системные команды.md",
    "Linux/Работа с файлами и папками.md",
    "Linux/Права и безопасность.md",
    "Linux/Поиск и фильтрация.md",
    "Linux/Пакетный менеджер.md",
    "Linux/Опции.md",
    "Linux/Команда.md",
    "Linux/дистрибутив.md",
    "Linux/Групповой поиск.md",
    "Языки программирования/Обобщенное программирование.md",
    "Языки программирования/Парадигма программирования.md",
    "Языки программирования/Семантика.md",
    "Языки программирования/Синтаксис.md",
    "Языки программирования/Язык программирования.md",
    "Английский язык/Verb.md",
    "Архив/Frame 5.jpg",
    "Архив/Frame 4.jpg",
    "Архив/Frame 3.jpg",
    "Архив/Frame 2.jpg",
    "Архив/Frame 2.jpg",
    "Архив/Frame 1.jpg",
    "Сети",
    "Архив",
    "Linux",
    "social",
    "математика",
    "Английский язык",
    "Языки программирования"
  ]
}